Name,State,Notes,Tags,Created,Runtime,Sweep,alpha,filter,kernel_size,model_path,number_of_iter,parametric_mode,rho,seed,size,thr,var_estimation,cov,signal,noise_distribution,ws_distance,bonf-p-value-mean,bonf-p-value-se,bonf-rejection,ks-bonf-p,ks-naive-p,ks-oc-p,ks-p,naive-p-value-mean,naive-p-value-se,naive-rejection,number-of-error,oc-p-value-mean,oc-p-value-se,oc-rejection,p-value-mean,p-value-se,rejection,search-count,time
sage-voice-185,finished,-,submission_fpr_cov,2024-02-02T01:12:32.000Z,2984,,0.05,MEAN,3,trained_models/test_vae_model_64.h5,1000,decision,0.25,1234,64,1.2,FALSE,ar1,,,,0,0,0,0,6.092994766849415e-91,0.932744375,0,0.281,0.020680103158994795,0.281,0,0.042,0.006289321,0.042,0.054000000000000006,0.008192137,0.054,1465.634,64.92839033985138
usual-dream-184,finished,-,submission_fpr_cov,2024-02-02T00:52:14.000Z,1211,,0.05,MEAN,3,trained_models/test_vae_model_32.h5,1000,decision,0.25,1234,32,1.2,FALSE,ar1,,,,0,0,0,0,0,0.2386567209327779,1.5456664594360184e-156,1,0,1,0,0.040999999999999995,0.004582576,0.041,0.043,0.010959521481849062,0.043,1352.29,45.94876540517807
dauntless-fire-183,finished,-,submission_fpr_cov,2024-02-02T00:44:47.000Z,441,,0.05,MEAN,3,trained_models/test_vae_model_16.h5,1000,decision,0.25,1234,16,1.2,FALSE,ar1,,,,0,0,0,0,0,0.1892967623697247,1.21365073284298e-257,0.835,0.016482314,0.835,0,0.06,0.005773503,0.06,0.042,0.007571878,0.042,566.462,16.044751977682115
northern-silence-182,finished,-,submission_fpr_cov,2024-02-02T00:40:14.000Z,267,,0.05,MEAN,3,trained_models/test_vae_model_8.h5,1000,decision,0.25,1234,8,1.2,FALSE,ar1,,,,0,0,0,0,1.2062454361673276e-172,0.2154531654787757,2.7410964928231167e-173,0.367,0.011930353445448854,0.367,0,0.051,0.005666667,0.051,0.043,0.005385165,0.043,144.215,4.564888405323028
earnest-valley-180,finished,-,submission_fpr_robust_after,2024-01-31T06:19:04.000Z,2415,,0.05,,3,trained_models/test_vae_model_16.h5,1000,decision,0.5,1234,16,1.2,FALSE,,,t,0.04,0,0,0,0,0,0.4473694205096838,5.629556659236799e-212,1,0,1,0,0.063,0.004955356,0.063,0.047,0.007310571,0.047,1418.275,31.918429648637773
warm-wind-179,finished,-,submission_fpr_robust_after,2024-01-31T06:13:58.000Z,1321,,0.05,,3,trained_models/test_vae_model_16.h5,1000,decision,0.5,1234,16,1.2,FALSE,,,t,0.03,0,0,0,0,0,0.4221601445777813,2.267111900325417e-193,1,0,1,0,0.042,0.009637888,0.042,0.056,0.004760952,0.056,1444.787,40.08503098654747
silver-bee-178,finished,-,submission_fpr_robust_after,2024-01-31T06:03:16.000Z,2461,,0.05,,3,trained_models/test_vae_model_16.h5,1000,decision,0.5,1234,16,1.2,FALSE,,,t,0.02,0,0,0,0,0,0.7866491120189373,1.1200886996001286e-177,1,0,1,0,0.052000000000000005,0.007118052,0.052,0.045,0.005821416,0.045,1468.837,36.135392508506776
eternal-darkness-177,finished,-,submission_fpr_robust_after,2024-01-31T06:01:52.000Z,2309,,0.05,,3,trained_models/test_vae_model_16.h5,1000,decision,0.5,1234,16,1.2,FALSE,,,t,0.01,0,0,0,0,0,0.9453776148330396,4.33018393818222e-199,1,0,1,0,0.051,0.005859465,0.051,0.037,0.005783117,0.037,1508.965,38.342381606578826
copper-star-176,finished,-,submission_fpr_robust_after,2024-01-31T06:00:46.000Z,2814,,0.05,,3,trained_models/test_vae_model_16.h5,1000,decision,0.5,1234,16,1.2,FALSE,,,gennormflat,0.04,0,0,0,0,0,0.5805183078860561,7.864756002909815e-233,1,0,1,0,0.06,0.005163978,0.06,0.059,0.009712535,0.059,1662.963,41.91075336241722
easy-feather-175,finished,-,submission_fpr_robust_after,2024-01-31T05:47:58.000Z,1514,,0.05,,3,trained_models/test_vae_model_16.h5,1000,decision,0.5,1234,16,1.2,FALSE,,,gennormflat,0.03,0,0,0,0,0,0.6711464097702066,2.3450032158632984e-187,1,0,1,0,0.058,0.008406347,0.058,0.066,0.010241527663824811,0.066,1627.574,45.619297996759414
youthful-star-174,finished,-,submission_fpr_robust_after,2024-01-31T05:45:55.000Z,2752,,0.05,,3,trained_models/test_vae_model_16.h5,1000,decision,0.5,1234,16,1.2,FALSE,,,gennormflat,0.02,0,0,0,0,0,0.8905783340329645,1.1335852383225247e-190,1,0,1,0,0.056,0.006863753,0.056,0.051,0.006046119,0.051,1604.031,40.53365744400024
amber-durian-173,finished,-,submission_fpr_robust_after,2024-01-31T05:43:44.000Z,2081,,0.05,,3,trained_models/test_vae_model_16.h5,1000,decision,0.5,1234,16,1.2,FALSE,,,gennormflat,0.01,0,0,0,0,0,0.6164440961898051,7.358126224509466e-207,1,0,1,0,0.039,0.006904105,0.039,0.059,0.005259911,0.059,1562.155,37.88691864395142
glad-dream-172,finished,-,submission_fpr_robust_after,2024-01-31T05:38:52.000Z,2595,,0.05,,3,trained_models/test_vae_model_16.h5,1000,decision,0.5,1234,16,1.2,FALSE,,,gennormsteep,0.04,0,0,0,0,0,0.5051118403457155,7.098106038658919e-195,1,0,1,0,0.053000000000000005,0.005972158,0.053,0.04,0.005163978,0.04,1405.485,33.99434153294563
jumping-glitter-171,finished,-,submission_fpr_robust_after,2024-01-31T05:33:25.000Z,1599,,0.05,,3,trained_models/test_vae_model_16.h5,1000,decision,0.5,1234,16,1.2,FALSE,,,gennormsteep,0.03,0,0,0,0,0,0.5480013348012714,1.762134109064971e-196,1,0,1,0,0.068,0.007272475,0.068,0.039999999999999994,0.005374838,0.04,1440.613,48.700481265068056
denim-glitter-170,finished,-,submission_fpr_robust_after,2024-01-31T05:26:31.000Z,2097,,0.05,,3,trained_models/test_vae_model_16.h5,1000,decision,0.5,1234,16,1.2,FALSE,,,gennormsteep,0.02,0,0,0,0,0,0.43121465346353416,9.619235896648667e-194,1,0,1,0,0.047,0.006155395,0.047,0.029000000000000005,0.006046119,0.029,1462.08,38.11944829130173
lilac-pine-169,finished,-,submission_fpr_robust_after,2024-01-31T04:58:46.000Z,2065,,0.05,,3,trained_models/test_vae_model_16.h5,1000,decision,0.5,1234,16,1.2,FALSE,,,gennormsteep,0.01,0,0,0,0,0,0.6315021415618021,7.900940077173041e-194,1,0,1,0,0.04,0.006497863,0.04,0.053000000000000005,0.007,0.053,1481.654,39.59490214085579
dazzling-sun-168,finished,-,submission_fpr_robust_after,2024-01-31T04:58:37.000Z,3834,,0.05,,3,trained_models/test_vae_model_16.h5,1000,decision,0.5,1234,16,1.2,FALSE,,,exponnorm,0.04,0,0,0,0,0,0.7006038174729512,3.617240362966557e-191,1,0,1,0,0.057,0.007608475,0.057,0.033999999999999996,0.004760952,0.034,1352.096,31.782554687976837
divine-violet-163,finished,-,submission_fpr_robust_after,2024-01-31T04:32:14.000Z,4395,,0.05,,3,trained_models/test_vae_model_16.h5,1000,decision,0.5,1234,16,1.2,FALSE,,,skewnorm,0.04,0,0,0,0,0,0.6182253817970441,3.690241798155418e-209,0.999,0.001,0.999,0,0.046,0.004760952,0.046,0.04,0.006666667,0.04,1351.287,31.510309804439544
royal-haze-161,finished,-,submission_fpr_robust_after,2024-01-31T04:32:14.000Z,3965,,0.05,,3,trained_models/test_vae_model_16.h5,1000,decision,0.5,1234,16,1.2,FALSE,,,exponnorm,0.02,0,0,0,0,0,0.6970608134042973,1.4544196685307085e-186,1,0,1,0,0.037000000000000005,0.004725816,0.037,0.06,0.008299933,0.06,1443.161,34.05259823441506
fine-universe-167,finished,-,submission_fpr_robust_after,2024-01-31T04:32:14.000Z,4535,,0.05,,3,trained_models/test_vae_model_16.h5,1000,decision,0.5,1234,16,1.2,FALSE,,,skewnorm,0.02,0,0,0,0,0,0.29005273778663854,9.795151340285664e-196,1,0,1,0,0.045,0.00341565,0.045,0.042,0.005333333,0.042,1427.816,30.919875349283217
icy-waterfall-165,finished,-,submission_fpr_robust_after,2024-01-31T04:32:14.000Z,1555,,0.05,,3,trained_models/test_vae_model_16.h5,1000,decision,0.5,1234,16,1.2,FALSE,,,exponnorm,0.03,0,0,0,0,0,0.20734776941177505,1.4787002803691436e-189,1,0,1,0,0.056,0.011075498483890766,0.056,0.044,0.008459052,0.044,1399.821,47.18714311671257
graceful-waterfall-162,finished,-,submission_fpr_robust_after,2024-01-31T04:32:14.000Z,4241,,0.05,,3,trained_models/test_vae_model_16.h5,1000,decision,0.5,1234,16,1.2,FALSE,,,skewnorm,0.01,0,0,0,0,0,0.1666986066449062,1.5468001719332874e-216,1,0,1,0,0.049,0.005044249,0.049,0.038,0.004898979,0.038,1481.089,32.6684859
rosy-dust-166,finished,-,submission_fpr_robust_after,2024-01-31T04:32:14.000Z,3240,,0.05,,3,trained_models/test_vae_model_16.h5,1000,decision,0.5,1234,16,1.2,FALSE,,,exponnorm,0.01,0,0,0,0,0,0.5294318288172836,7.659509156218198e-187,1,0,1,0,0.047,0.006506407,0.047,0.044,0.006863753,0.044,1492.711,35.78898927307129
desert-terrain-162,finished,-,submission_fpr_robust_after,2024-01-31T04:32:14.000Z,1545,,0.05,,3,trained_models/test_vae_model_16.h5,1000,decision,0.5,1234,16,1.2,FALSE,,,skewnorm,0.03,0,0,0,0,0,0.26357560033773764,8.210354651604954e-189,1,0,1,0,0.040999999999999995,0.006904105,0.041,0.026,0.004,0.026,1386.71,46.53968775296211
divine-butterfly-160,finished,-,submission_fpr_robust_after,2024-01-31T02:01:16.000Z,2728,,0.1,,3,trained_models/test_vae_model_16.h5,1000,decision,0.5,1234,16,1.2,FALSE,,,t,0.04,0,0,0,0,0,0.599914813,1.7842546965655522e-184,1,0,1,0,0.117,0.006333333,0.117,0.093,0.010440306508910547,0.093,1414.41,34.056604142427446
lilac-tree-159,finished,-,submission_fpr_robust_after,2024-01-31T01:59:58.000Z,1332,,0.1,,3,trained_models/test_vae_model_16.h5,1000,decision,0.5,1234,16,1.2,FALSE,,,t,0.03,0,0,0,0,0,0.46910165317274144,5.861706919004241e-168,1,0,1,0,0.097,0.012565385,0.097,0.101,0.004582576,0.101,1437.703,40.46213415145874
restful-bird-158,finished,-,submission_fpr_robust_after,2024-01-31T01:46:49.000Z,2671,,0.1,,3,trained_models/test_vae_model_16.h5,1000,decision,0.5,1234,16,1.2,FALSE,,,t,0.02,0,0,0,0,0,0.7866785294922299,3.4003573802237167e-156,1,0,1,0,0.092,0.005537749,0.092,0.085,0.007490735,0.085,1459.135,35.362276269674304
swept-donkey-157,finished,-,submission_fpr_robust_after,2024-01-31T01:45:55.000Z,2281,,0.1,,3,trained_models/test_vae_model_16.h5,1000,decision,0.5,1234,16,1.2,FALSE,,,t,0.01,0,0,0,0,0,0.8419845056474446,5.099081240013774e-180,1,0,1,0,0.098,0.012543258,0.098,0.092,0.006110101,0.092,1501.977,38.69216593170166
vivid-lion-156,finished,-,submission_fpr_robust_after,2024-01-31T01:45:10.000Z,2782,,0.1,,3,trained_models/test_vae_model_16.h5,1000,decision,0.5,1234,16,1.2,FALSE,,,gennormflat,0.04,0,0,0,0,0,0.9161723027425888,4.034553696758184e-200,1,0,1,0,0.108,0.006110101,0.108,0.128,0.013646326,0.128,1642.167,41.05787798881531
floral-bee-155,finished,-,submission_fpr_robust_after,2024-01-31T01:29:55.000Z,1848,,0.1,,3,trained_models/test_vae_model_16.h5,1000,decision,0.5,1234,16,1.2,FALSE,,,gennormflat,0.03,0,0,0,0,0,0.7240395008361175,1.2965144513097484e-169,1,0,1,0,0.096,0.008192137,0.096,0.11500000000000002,0.013437096,0.115,1619.11,55.945981159210206
divine-dream-154,finished,-,submission_fpr_robust_after,2024-01-31T01:29:01.000Z,2452,,0.1,,3,trained_models/test_vae_model_16.h5,1000,decision,0.5,1234,16,1.2,FALSE,,,gennormflat,0.02,0,0,0,0,0,0.798636252,6.999185336929006e-175,1,0,1,0,0.109,0.006403124,0.109,0.093,0.009551033,0.093,1607.71,37.87757284975052
genial-shadow-153,finished,-,submission_fpr_robust_after,2024-01-31T01:25:16.000Z,2038,,0.1,,3,trained_models/test_vae_model_16.h5,1000,decision,0.5,1234,16,1.2,FALSE,,,gennormflat,0.01,0,0,0,0,0,0.4091768012025462,2.534193160733255e-189,1,0,1,0,0.081,0.008749603,0.081,0.098,0.011135528725660045,0.098,1547.345,35.83497031354904
exalted-terrain-152,finished,-,submission_fpr_robust_after,2024-01-31T01:22:07.000Z,2597,,0.1,,3,trained_models/test_vae_model_16.h5,1000,decision,0.5,1234,16,1.2,FALSE,,,gennormsteep,0.04,0,0,0,0,0,0.6085634118969607,2.162999130903489e-169,1,0,1,0,0.11200000000000002,0.009637888,0.112,0.087,0.007608475,0.087,1399.643,33.76189934706688
amber-star-151,finished,-,submission_fpr_robust_after,2024-01-31T01:18:28.000Z,1582,,0.1,,3,trained_models/test_vae_model_16.h5,1000,decision,0.5,1234,16,1.2,FALSE,,,gennormsteep,0.03,0,0,0,0,0,0.6003071730946521,1.3338821345721184e-179,1,0,1,0,0.10499999999999998,0.008198916,0.105,0.089,0.004818944,0.089,1435.355,48.113715465068815
valiant-snowball-150,finished,-,submission_fpr_robust_after,2024-01-31T01:09:55.000Z,2131,,0.1,,3,trained_models/test_vae_model_16.h5,1000,decision,0.5,1234,16,1.2,FALSE,,,gennormsteep,0.02,0,0,0,0,0,0.238131206,7.533963951453187e-170,1,0,1,0,0.099,0.007666667,0.099,0.082,0.009404491,0.082,1456.371,38.20039229464531
brisk-fire-149,finished,-,submission_fpr_robust_after,2024-01-31T00:42:28.000Z,2131,,0.1,,3,trained_models/test_vae_model_16.h5,1000,decision,0.5,1234,16,1.2,FALSE,,,gennormsteep,0.01,0,0,0,0,0,0.5268608973878899,1.816166242180014e-172,1,0,1,0,0.097,0.004725816,0.097,0.087,0.010225241100118644,0.087,1470.075,38.90869894552231
dauntless-valley-148,finished,-,submission_fpr_robust_after,2024-01-31T00:42:10.000Z,3846,,0.1,,3,trained_models/test_vae_model_16.h5,1000,decision,0.5,1234,16,1.2,FALSE,,,exponnorm,0.04,0,0,0,0,0,0.531242157,9.859329535593207e-162,1,0,1,0,0.103,0.008698659,0.103,0.068,0.011035297,0.068,1343.395,31.76103334450722
swift-energy-147,finished,-,submission_fpr_robust_after,2024-01-31T00:15:55.000Z,3227,,0.1,,3,trained_models/test_vae_model_16.h5,1000,decision,0.5,1234,16,1.2,FALSE,,,exponnorm,0.01,0,0,0,0,0,0.931460712,4.871329033076696e-177,1,0,1,0,0.095,0.013682917167849192,0.095,0.097,0.006674995,0.097,1484.326,35.506262100458144
snowy-pine-145,finished,-,submission_fpr_robust_after,2024-01-31T00:15:55.000Z,4403,,0.1,,3,trained_models/test_vae_model_16.h5,1000,decision,0.5,1234,16,1.2,FALSE,,,skewnorm,0.04,0,0,0,0,0,0.6605607309344034,1.6037927158270238e-180,0.999,0.001,0.999,0,0.087,0.008825468,0.087,0.091,0.011780398031381529,0.091,1349.857,31.547806759357453
worthy-shape-143,finished,-,submission_fpr_robust_after,2024-01-31T00:15:55.000Z,4358,,0.1,,3,trained_models/test_vae_model_16.h5,1000,decision,0.5,1234,16,1.2,FALSE,,,skewnorm,0.02,0,0,0,0,0,0.3946602347180797,2.5225746046015087e-168,1,0,1,0,0.093,0.008306624,0.093,0.084,0.004988877,0.084,1424.871,30.932274922847743
devoted-bird-143,finished,-,submission_fpr_robust_after,2024-01-31T00:15:55.000Z,3943,,0.1,,3,trained_models/test_vae_model_16.h5,1000,decision,0.5,1234,16,1.2,FALSE,,,exponnorm,0.02,0,0,0,0,0,0.491798179,7.255175916109008e-153,1,0,1,0,0.097,0.010857665,0.097,0.097,0.010440307,0.097,1432.459,33.68263527798653
expert-firebrand-141,finished,-,submission_fpr_robust_after,2024-01-31T00:15:55.000Z,4129,,0.1,,3,trained_models/test_vae_model_16.h5,1000,decision,0.5,1234,16,1.2,FALSE,,,skewnorm,0.01,0,0,0,0,0,0.056343442,7.347013635433284e-203,1,0,1,0,0.091,0.009243616,0.091,0.078,0.008,0.078,1478.644,32.336508450746535
crisp-grass-142,finished,-,submission_fpr_robust_after,2024-01-31T00:15:55.000Z,1551,,0.1,,3,trained_models/test_vae_model_16.h5,1000,decision,0.5,1234,16,1.2,FALSE,,,exponnorm,0.03,0,0,0,0,0,0.23663275149382257,1.6615653116105665e-173,1,0,1,0,0.11,0.013165611772087664,0.11,0.083,0.013253930234714028,0.083,1402.622,47.15662202072144
fearless-microwave-146,finished,-,submission_fpr_robust_after,2024-01-31T00:15:55.000Z,1556,,0.1,,3,trained_models/test_vae_model_16.h5,1000,decision,0.5,1234,16,1.2,FALSE,,,skewnorm,0.03,0,0,0,0,0,0.23178059925323924,4.084931039327081e-170,1,0,1,0,0.102,0.008,0.102,0.071,0.009,0.071,1387.697,46.823179645061494
rosy-snow-140,finished,-,submission_fpr_robust,2024-01-31T00:07:57.000Z,354,,0.1,,3,trained_models/test_vae_model_16.h5,20,decision,0.5,1234,16,1.2,FALSE,,,t,0.01,0,0,0,0,2.1272036818091972e-145,0.21002781124872416,1.89014E-05,1,0,1,0,0.2,0.11055415967851331,0.2,0.05,0.05,0.05,1494.2,80.46947033405304
woven-sky-139,finished,-,submission_fpr_robust,2024-01-31T00:03:44.000Z,175,,0.1,,3,trained_models/test_vae_model_16.h5,10,decision,0.5,1234,16,1.2,FALSE,,,t,0.01,0,0,0,0,2.9582916797030056e-83,0.025401971759055897,0.003608423,1,0,1,0,0.4,0.16329931618554522,0.4,0,0,0,1547.5,82.36702489852905
snowy-wave-138,killed,-,submission_fpr_robust,2024-01-30T23:58:08.000Z,306,,0.1,,3,trained_models/test_vae_model_16.h5,100,decision,0.5,1234,16,1.2,FALSE,,,t,0.01,,,,,,,,,,,,,,,,,,,
stilted-plasma-95,finished,-,submission_fpr_robust,2024-01-30T11:07:25.000Z,4493,,0.1,,3,trained_models/test_vae_model_16.h5,1000,decision,0.5,1234,16,1.2,FALSE,,,t,0.04,0,0,0,0,0,0.6741166286333193,2.010505605967793e-210,0.999,0.001,0.999,0,0.044,0.00718022,0.091,0.039,0.007063207,0.042,1347.096,31.27012926721573
wobbly-snowflake-94,finished,-,submission_fpr_robust,2024-01-30T11:01:01.000Z,1289,,0.1,,3,trained_models/test_vae_model_16.h5,1000,decision,0.5,1234,16,1.2,FALSE,,,t,0.03,0,0,0,0,0,0.20296054203084068,8.210354651604954e-189,1,0,1,0,0.040999999999999995,0.006904105,0.102,0.026,0.004,0.03,1386.947,38.61505534148216
leafy-flower-93,finished,-,submission_fpr_robust,2024-01-30T10:33:55.000Z,4471,,0.1,,3,trained_models/test_vae_model_16.h5,1000,decision,0.5,1234,16,1.2,FALSE,,,t,0.02,0,0,0,0,0,0.22481476276936196,1.5636577552436475e-202,1,0,1,0,0.047,0.006674995,0.096,0.045,0.00341565,0.049,1425.798,31.002119190692905
eternal-wave-92,finished,-,submission_fpr_robust,2024-01-30T10:22:34.000Z,4626,,0.1,,3,trained_models/test_vae_model_16.h5,1000,decision,0.5,1234,16,1.2,FALSE,,,t,0.01,0,0,0,0,0,0.10728992071481824,1.7284966565525098e-217,1,0,1,0,0.049,0.00314466,0.095,0.036,0.006863753,0.038,1479.206,34.94368570828438
light-river-91,finished,-,submission_fpr_robust,2024-01-30T10:15:28.000Z,4312,,0.1,,3,trained_models/test_vae_model_16.h5,1000,decision,0.5,1234,16,1.2,FALSE,,,gennormflat,0.04,0,0,0,0,0,0.41829604537011467,6.988663668210446e-201,0.999,0.001,0.999,0,0.044,0.004268749,0.087,0.038,0.007272475,0.041,1349.018,31.263435878038408
wise-eon-90,finished,-,submission_fpr_robust,2024-01-30T10:11:55.000Z,1285,,0.1,,3,trained_models/test_vae_model_16.h5,1000,decision,0.5,1234,16,1.2,FALSE,,,gennormflat,0.03,0,0,0,0,0,0.20296054203084068,6.152312430606837e-188,1,0,1,0,0.040999999999999995,0.006904105,0.101,0.026,0.004,0.03,1386.411,38.58275461745262
olive-deluge-89,finished,-,submission_fpr_robust,2024-01-30T09:59:55.000Z,4839,,0.1,,3,trained_models/test_vae_model_16.h5,1000,decision,0.5,1234,16,1.2,FALSE,,,gennormflat,0.02,0,0,0,0,0,0.24403315717150265,4.4556142197126535e-194,1,0,1,0,0.047,0.006333333,0.097,0.043,0.003958114,0.047,1426.929,33.246562137842176
zesty-fog-88,finished,-,submission_fpr_robust,2024-01-30T09:56:28.000Z,4765,,0.1,,3,trained_models/test_vae_model_16.h5,1000,decision,0.5,1234,16,1.2,FALSE,,,gennormflat,0.01,0,0,0,0,0,0.078378039,1.0705368178969684e-213,1,0,1,0,0.049,0.007371115,0.091,0.038,0.005537749,0.04,1479.44,34.748731310129166
upbeat-dragon-87,finished,-,submission_fpr_robust,2024-01-30T09:53:25.000Z,4409,,0.1,,3,trained_models/test_vae_model_16.h5,1000,decision,0.5,1234,16,1.2,FALSE,,,gennormsteep,0.04,0,0,0,0,0,0.4650095990370777,1.86451850906388e-205,0.999,0.001,0.999,0,0.046,0.003711843,0.089,0.041,0.007520343,0.044,1347.419,31.593965020418167
worldly-darkness-86,finished,-,submission_fpr_robust,2024-01-30T09:49:55.000Z,1283,,0.1,,3,trained_models/test_vae_model_16.h5,1000,decision,0.5,1234,16,1.2,FALSE,,,gennormsteep,0.03,0,0,0,0,0,0.20296054203084068,6.152312430606837e-188,1,0,1,0,0.040999999999999995,0.006904105,0.102,0.026,0.003711843,0.03,1387.506,38.46681372284889
warm-planet-85,finished,-,submission_fpr_robust,2024-01-30T09:47:01.000Z,4428,,0.1,,3,trained_models/test_vae_model_16.h5,1000,decision,0.5,1234,16,1.2,FALSE,,,gennormsteep,0.02,0,0,0,0,0,0.3273106302757547,1.3478947384605636e-195,1,0,1,0,0.046,0.004268749,0.095,0.044,0.006182412,0.049,1424.627,30.933880158901214
autumn-mountain-84,finished,-,submission_fpr_robust,2024-01-30T09:03:52.000Z,4679,,0.1,,3,trained_models/test_vae_model_16.h5,1000,decision,0.5,1234,16,1.2,FALSE,,,gennormsteep,0.01,0,0,0,0,0,0.12477079948186098,7.033511800416157e-211,1,0,1,0,0.053000000000000005,0.008034647,0.095,0.039,0.005044249,0.041,1480.377,35.015724032640456
rose-thunder-83,finished,-,submission_fpr_robust,2024-01-30T09:02:49.000Z,4347,,0.1,,3,trained_models/test_vae_model_16.h5,1000,decision,0.5,1234,16,1.2,FALSE,,,exponnorm,0.04,0,0,0,0,0,0.8240143899893099,6.988663668210446e-201,0.999,0.001,0.999,0,0.044,0.005617433,0.09,0.038,0.006110101,0.041,1350.043,31.467835859298702
unique-hill-80,finished,-,submission_fpr_robust,2024-01-30T08:36:55.000Z,4945,,0.1,,3,trained_models/test_vae_model_16.h5,1000,decision,0.5,1234,16,1.2,FALSE,,,exponnorm,0.02,0,0,0,0,0,0.6097488746022353,2.0548210811502852e-194,1,0,1,0,0.049,0.007063207,0.096,0.044,0.004,0.049,1425.309,33.37932830095291
fast-dream-77,finished,-,submission_fpr_robust,2024-01-30T08:36:55.000Z,4551,,0.1,,3,trained_models/test_vae_model_16.h5,1000,decision,0.5,1234,16,1.2,FALSE,,,skewnorm,0.04,0,0,0,0,0,0.3744119374398053,1.0525454845975986e-202,0.999,0.001,0.999,0,0.048,0.004898979,0.091,0.039999999999999994,0.005577734,0.043,1349.208,31.240881273508073
fresh-wood-79,finished,-,submission_fpr_robust,2024-01-30T08:36:55.000Z,4752,,0.1,,3,trained_models/test_vae_model_16.h5,1000,decision,0.5,1234,16,1.2,FALSE,,,exponnorm,0.01,0,0,0,0,0,0.078378039,3.536897275197743e-214,1,0,1,0,0.05,0.006831301,0.09,0.038,0.005120764,0.04,1483.094,34.97680282402039
trim-bush-77,finished,-,submission_fpr_robust,2024-01-30T08:36:55.000Z,1537,,0.1,,3,trained_models/test_vae_model_16.h5,1000,decision,0.5,1234,16,1.2,FALSE,,,exponnorm,0.03,0,0,0,0,0,0.20296054203084068,8.210354651604954e-189,1,0,1,0,0.040999999999999995,0.007218803,0.101,0.026,0.004,0.03,1386.721,46.238606889009475
volcanic-terrain-76,finished,-,submission_fpr_robust,2024-01-30T08:36:55.000Z,4359,,0.1,,3,trained_models/test_vae_model_16.h5,1000,decision,0.5,1234,16,1.2,FALSE,,,skewnorm,0.02,0,0,0,0,0,0.5062290810500307,1.3478947384605636e-195,1,0,1,0,0.045,0.005217492,0.09,0.046,0.008192137,0.051,1426.196,30.93834220576286
comic-water-81,finished,-,submission_fpr_robust,2024-01-30T08:36:55.000Z,4195,,0.1,,3,trained_models/test_vae_model_16.h5,1000,decision,0.5,1234,16,1.2,FALSE,,,skewnorm,0.01,0,0,0,0,0,0.1445130355520473,1.5468001719332874e-216,1,0,1,0,0.05,0.005163978,0.09,0.038,0.005120764,0.04,1477.946,32.86109187865257
fallen-frost-82,finished,-,submission_fpr_robust,2024-01-30T08:36:55.000Z,1572,,0.1,,3,trained_models/test_vae_model_16.h5,1000,decision,0.5,1234,16,1.2,FALSE,,,skewnorm,0.03,0,0,0,0,0,0.23178059925323924,8.210354651604954e-189,1,0,1,0,0.040999999999999995,0.007218803,0.102,0.026,0.004,0.03,1386.453,47.37842489433289
eager-star-75,finished,-,submission_fpr_robust,2024-01-30T07:06:04.000Z,4413,,0.05,,3,trained_models/test_vae_model_16.h5,1000,decision,0.5,1234,16,1.2,FALSE,,,t,0.04,0,0,0,0,0,0.6182253817970441,3.13801194699598e-208,0.999,0.001,0.999,0,0.043,0.006155395,0.043,0.04,0.005163978,0.04,1347.72,31.228902553796768
easy-serenity-74,finished,-,submission_fpr_robust,2024-01-30T07:02:19.000Z,1300,,0.05,,3,trained_models/test_vae_model_16.h5,1000,decision,0.5,1234,16,1.2,FALSE,,,t,0.03,0,0,0,0,0,0.17698505947402765,8.210354651604954e-189,1,0,1,0,0.040999999999999995,0.007218803,0.041,0.026,0.004,0.026,1386.662,38.94591433048248
charmed-snowflake-73,finished,-,submission_fpr_robust,2024-01-30T06:35:16.000Z,4411,,0.05,,3,trained_models/test_vae_model_16.h5,1000,decision,0.5,1234,16,1.2,FALSE,,,t,0.02,0,0,0,0,0,0.2770373399667858,2.0691345598233824e-190,1,0,1,0,0.046,0.005416026,0.046,0.047,0.004955356,0.047,1423.728,31.102147550821304
likely-snow-72,finished,-,submission_fpr_robust,2024-01-30T06:24:34.000Z,4786,,0.05,,3,trained_models/test_vae_model_16.h5,1000,decision,0.5,1234,16,1.2,FALSE,,,t,0.01,0,0,0,0,0,0.19150268862477984,2.1210170105877794e-219,1,0,1,0,0.048,0.009865766,0.048,0.038,0.004898979,0.038,1480.941,34.911779201745986
confused-frost-71,finished,-,submission_fpr_robust,2024-01-30T06:18:04.000Z,4543,,0.05,,3,trained_models/test_vae_model_16.h5,1000,decision,0.5,1234,16,1.2,FALSE,,,gennormflat,0.04,0,0,0,0,0,0.8240143899893099,2.6532012465748587e-207,0.999,0.001,0.999,0,0.044,0.004268749,0.044,0.038,0.007118052,0.038,1348.574,31.39274103593826
daily-wave-70,finished,-,submission_fpr_robust,2024-01-30T06:13:16.000Z,1283,,0.05,,3,trained_models/test_vae_model_16.h5,1000,decision,0.5,1234,16,1.2,FALSE,,,gennormflat,0.03,0,0,0,0,0,0.23178059925323924,1.0896625233991276e-189,1,0,1,0,0.040999999999999995,0.006904105,0.041,0.026,0.004,0.026,1387.301,38.49273044586182
silvery-wildflower-69,finished,-,submission_fpr_robust,2024-01-30T06:01:13.000Z,4963,,0.05,,3,trained_models/test_vae_model_16.h5,1000,decision,0.5,1234,16,1.2,FALSE,,,gennormflat,0.02,0,0,0,0,0,0.22481476276936196,2.0548210811502852e-194,1,0,1,0,0.044,0.004,0.044,0.045,0.004013865,0.045,1428.936,33.57736366343498
fluent-snow-68,finished,-,submission_fpr_robust,2024-01-30T05:57:07.000Z,4762,,0.05,,3,trained_models/test_vae_model_16.h5,1000,decision,0.5,1234,16,1.2,FALSE,,,gennormflat,0.01,0,0,0,0,0,0.35111546211583444,6.379941272100703e-216,1,0,1,0,0.051,0.006741249,0.051,0.038,0.004666667,0.038,1478.306,34.916161432743074
denim-donkey-67,finished,-,submission_fpr_robust,2024-01-30T05:52:43.000Z,4390,,0.05,,3,trained_models/test_vae_model_16.h5,1000,decision,0.5,1234,16,1.2,FALSE,,,gennormsteep,0.04,0,0,0,0,0,0.33354702715985574,4.536810678174909e-199,0.999,0.001,0.999,0,0.042,0.005120764,0.042,0.04,0.005577734,0.04,1352.523,31.552294373989103
curious-cloud-66,finished,-,submission_fpr_robust,2024-01-30T05:51:16.000Z,1292,,0.05,,3,trained_models/test_vae_model_16.h5,1000,decision,0.5,1234,16,1.2,FALSE,,,gennormsteep,0.03,0,0,0,0,0,0.20296054203084068,8.210354651604954e-189,1,0,1,0,0.040999999999999995,0.006904105,0.041,0.026,0.004760952,0.026,1386.87,38.692589312791824
genial-fire-65,finished,-,submission_fpr_robust,2024-01-30T05:50:19.000Z,4309,,0.05,,3,trained_models/test_vae_model_16.h5,1000,decision,0.5,1234,16,1.2,FALSE,,,gennormsteep,0.02,0,0,0,0,0,0.43244629026385617,2.0356094435153615e-191,1,0,1,0,0.047,0.005174725,0.047,0.043,0.004229526,0.043,1426.747,30.797238496780395
lemon-frog-64,finished,-,submission_fpr_robust,2024-01-30T05:05:15.000Z,4712,,0.05,,3,trained_models/test_vae_model_16.h5,1000,decision,0.5,1234,16,1.2,FALSE,,,gennormsteep,0.01,0,0,0,0,0,0.12477079948186098,2.069078388183954e-214,1,0,1,0,0.053000000000000005,0.007608475,0.053,0.038,0.007423686,0.038,1481.925,34.83497742533684
firm-gorge-63,finished,-,submission_fpr_robust,2024-01-30T05:04:43.000Z,4357,,0.05,,3,trained_models/test_vae_model_16.h5,1000,decision,0.5,1234,16,1.2,FALSE,,,exponnorm,0.04,0,0,0,0,0,0.3450471770333292,6.732495295258362e-195,0.999,0.001,0.999,0,0.045,0.004281744,0.045,0.038,0.00663325,0.038,1347.069,31.367702348470687
earnest-violet-56,finished,-,submission_fpr_robust,2024-01-30T04:38:40.000Z,4405,,0.05,,3,trained_models/test_vae_model_16.h5,1000,decision,0.5,1234,16,1.2,FALSE,,,skewnorm,0.04,0,0,0,0,0,0.671528105,3.7307443942361686e-206,0.999,0.001,0.999,0,0.042,0.00663325,0.042,0.04,0.006992059,0.04,1351.489,31.66206749844551
electric-dawn-56,finished,-,submission_fpr_robust,2024-01-30T04:38:40.000Z,4914,,0.05,,3,trained_models/test_vae_model_16.h5,1000,decision,0.5,1234,16,1.2,FALSE,,,exponnorm,0.02,0,0,0,0,0,0.6630190961084408,2.1683311902690844e-197,1,0,1,0,0.049,0.004818944,0.049,0.048,0.005333333,0.048,1428.081,33.603645050048826
worthy-aardvark-61,finished,-,submission_fpr_robust,2024-01-30T04:38:40.000Z,4669,,0.05,,3,trained_models/test_vae_model_16.h5,1000,decision,0.5,1234,16,1.2,FALSE,,,exponnorm,0.01,0,0,0,0,0,0.1445130355520473,5.961854989338177e-215,1,0,1,0,0.047,0.007310571,0.047,0.037,0.006674995,0.037,1478.245,34.86366443991661
cosmic-energy-60,finished,-,submission_fpr_robust,2024-01-30T04:38:40.000Z,4335,,0.05,,3,trained_models/test_vae_model_16.h5,1000,decision,0.5,1234,16,1.2,FALSE,,,skewnorm,0.02,0,0,0,0,0,0.4573745364310292,8.193854827818652e-194,1,0,1,0,0.045,0.004013865,0.045,0.045,0.003073181,0.045,1427.784,31.12549740076065
comfy-morning-58,finished,-,submission_fpr_robust,2024-01-30T04:38:40.000Z,4252,,0.05,,3,trained_models/test_vae_model_16.h5,1000,decision,0.5,1234,16,1.2,FALSE,,,skewnorm,0.01,0,0,0,0,0,0.2495952501096829,1.2172956456147455e-214,1,0,1,0,0.047,0.007,0.047,0.038,0.004666667,0.038,1483.756,32.48611195635796
dark-firebrand-62,finished,-,submission_fpr_robust,2024-01-30T04:38:40.000Z,1542,,0.05,,3,trained_models/test_vae_model_16.h5,1000,decision,0.5,1234,16,1.2,FALSE,,,skewnorm,0.03,0,0,0,0,0,0.23178059925323924,8.210354651604954e-189,1,0,1,0,0.040999999999999995,0.007218803,0.041,0.026,0.004760952,0.026,1386.766,46.39026374053955
legendary-brook-59,finished,-,submission_fpr_robust,2024-01-30T04:38:40.000Z,1558,,0.05,,3,trained_models/test_vae_model_16.h5,1000,decision,0.5,1234,16,1.2,FALSE,,,exponnorm,0.03,0,0,0,0,0,0.26357560033773764,1.0896625233991276e-189,1,0,1,0,0.041,0.00781025,0.041,0.026,0.004268749,0.026,1387.02,47.01566016197204
tough-brook-41,finished,-,submission_tpr_estimate_var,2024-01-24T08:51:26.000Z,577,,0.05,MEAN,3,trained_models/test_vae_model_16.h5,1000,decision,0.25,1234,16,1.2,TRUE,ar1,4,,,0,0,0,0,0,0.082012785,0,1,0,1,0,0.053000000000000005,0.007310571,0.053,0.48699999999999993,0.025649344804280844,0.487,723.031,20.447991592884065
smooth-firebrand-40,finished,-,submission_tpr_estimate_var,2024-01-24T08:43:17.000Z,476,,0.05,MEAN,3,trained_models/test_vae_model_16.h5,1000,decision,0.25,1234,16,1.2,TRUE,ar1,3,,,0,0,0,0,0,0.29974928175190574,0,0.954,0.006531973,0.954,0,0.055,0.009339284,0.055,0.35300000000000004,0.021911438,0.353,578.399,16.72503673505783
balmy-snow-39,finished,-,submission_tpr_estimate_var,2024-01-24T08:37:40.000Z,323,,0.05,MEAN,3,trained_models/test_vae_model_16.h5,1000,decision,0.25,1234,16,1.2,TRUE,ar1,2,,,0,0,0,0,1.6633076517309088e-260,0.7674319549233396,4.8745e-320,0.5549999999999999,0.020453198608856596,0.555,0,0.048,0.005120764,0.048,0.119,0.011874342087037918,0.119,322.213,11.032870478391647
grateful-fire-38,finished,-,submission_tpr_estimate_var,2024-01-24T08:31:15.000Z,374,,0.05,MEAN,3,trained_models/test_vae_model_16.h5,1000,decision,0.25,1234,16,1.2,TRUE,ar1,1,,,0,0,0,0,0,0.3131004364404679,0,0.7769999999999999,0.011357816691600547,0.777,0,0.049,0.00795124,0.049,0.095,0.007031674,0.095,425.015,13.057398794412611
major-morning-36,finished,-,submission_tpr_cov,2024-01-24T07:42:28.000Z,604,,0.05,MEAN,3,trained_models/test_vae_model_16.h5,1000,decision,0.25,1234,16,1.2,FALSE,ar1,4,,,0,0,0,0,0,0.003344475,0,1,0,1,0,0.053000000000000005,0.005783117,0.053,0.5,0.032420844,0.5,727.727,21.25515839
effortless-flower-35,finished,-,submission_tpr_cov,2024-01-24T07:33:14.000Z,542,,0.05,MEAN,3,trained_models/test_vae_model_16.h5,1000,decision,0.25,1234,16,1.2,FALSE,ar1,3,,,0,0,0,0,0,0.3153229271256939,0,0.957,0.007753136,0.957,0,0.052000000000000005,0.008919392,0.052,0.29999999999999993,0.016532795690182994,0.3,674.988,19.197529279708863
dashing-serenity-34,finished,-,submission_tpr_cov,2024-01-24T07:27:09.000Z,352,,0.05,MEAN,3,trained_models/test_vae_model_16.h5,1000,decision,0.25,1234,16,1.2,FALSE,ar1,2,,,0,0,0,0,1.6405028282685904e-235,0.8325736275053331,1.6641018856235946e-275,0.532,0.019821425,0.532,0,0.055,0.004281744,0.055,0.084,0.009451631,0.084,360.9,12.238963567733764
fancy-sponge-33,finished,-,submission_tpr_cov,2024-01-24T07:20:01.000Z,417,,0.05,MEAN,3,trained_models/test_vae_model_16.h5,1000,decision,0.25,1234,16,1.2,FALSE,ar1,1,,,0,0,0,0,0,0.9176231309836428,6.733963541336377e-258,0.741,0.011100550536897812,0.741,0,0.053000000000000005,0.007,0.053,0.055,0.007340905,0.055,486.149,14.49491605424881
brisk-spaceship-32,finished,-,submission_tpr,2024-01-24T07:11:40.000Z,490,,0.05,MEAN,3,trained_models/test_vae_model_16.h5,1000,decision,0.5,1234,16,1.2,FALSE,,4,,,0.061,0.005044249,0.061,0,0,9.844901393303231e-21,0,1,0,1,0,0.1,0.010645813,0.1,0.865,0.019450793,0.865,244.025,10.565311893463134
dauntless-cherry-31,finished,-,submission_tpr,2024-01-24T07:03:11.000Z,497,,0.05,MEAN,3,trained_models/test_vae_model_16.h5,1000,decision,0.5,1234,16,1.2,FALSE,,3,,,0,0,0,0,0,1.7104283030077688e-11,0,1,0,1,0,0.085,0.006708204,0.085,0.677,0.041953678,0.677,388.403,14.836932058572769
valiant-dew-30,finished,-,submission_tpr,2024-01-24T06:58:09.000Z,292,,0.05,MEAN,3,trained_models/test_vae_model_16.h5,1000,decision,0.5,1234,16,1.2,FALSE,,2,,,0,0,0,0,0,0.26511491373977436,0,0.85,0.012292726,0.85,0,0.053000000000000005,0.008698659,0.053,0.28200000000000003,0.014817407180595245,0.282,346.957,9.303736535549165
crisp-sunset-29,finished,-,submission_tpr,2024-01-24T06:54:56.000Z,179,,0.05,MEAN,3,trained_models/test_vae_model_16.h5,1000,decision,0.5,1234,16,1.2,FALSE,,1,,,0,0,0,0,8.803430740738484e-115,0.8047949861318376,1.667172911608447e-289,0.3430000000000001,0.022854612955229264,0.343,0,0.06,0.007888106,0.06,0.039,0.004333333,0.039,170.183,5.5733424277305605
radiant-morning-20,finished,-,submission_fpr_estimate_var,2024-01-23T19:11:44.000Z,1032,,0.05,MEAN,3,trained_models/test_vae_model_64.h5,1000,decision,0.5,1234,64,1.2,TRUE,,,,,0,0,0,0,6.542749908373975e-24,0.008593682,0,0.13400000000000004,0.016343534,0.134,0,0.054000000000000006,0.005206833,0.054,0.05,0.009888265,0.05,679.36,32.97564852833748
ethereal-breeze-19,finished,-,submission_fpr_estimate_var,2024-01-23T19:06:36.000Z,296,,0.05,MEAN,3,trained_models/test_vae_model_32.h5,1000,decision,0.5,1234,32,1.2,TRUE,,,,,0,0,0,0,0,0.1382973588335048,3.381468672167861e-221,0.8160000000000001,0.019561867668161616,0.816,0,0.042,0.006110101,0.042,0.054000000000000006,0.004521553,0.054,334.347,9.919008325338364
comic-snowball-18,finished,-,submission_fpr_estimate_var,2024-01-23T19:03:30.000Z,174,,0.05,MEAN,3,trained_models/test_vae_model_16.h5,1000,decision,0.5,1234,16,1.2,TRUE,,,,,0,0,0,0,2.245452306539948e-99,0.4734198815420983,4.472754119889167e-298,0.32999999999999996,0.03732738,0.33,0,0.039999999999999994,0.006146363,0.04,0.048,0.005925463,0.048,177.14,5.533651859760284
treasured-aardvark-17,finished,-,submission_fpr_estimate_var,2024-01-23T18:57:22.000Z,358,,0.05,MEAN,3,trained_models/test_vae_model_8.h5,1000,decision,0.5,1234,8,1.2,TRUE,,,,,0,0,0,0,1.704113303108395e-34,0.5708532836038439,2.398642163166695e-162,0.187,0.012297244497131142,0.187,0,0.048,0.009285592,0.048,0.046,0.007483315,0.046,50.553,2.2019905281066894
copper-pond-12,finished,-,submission_fpr,2024-01-23T18:38:47.000Z,1033,,0.05,MEAN,3,trained_models/test_vae_model_64.h5,1000,decision,0.5,1234,64,1.2,FALSE,,,,,0,0,0,0,4.3705087851712866e-24,0.006951388,0,0.139,0.015162087220725543,0.139,0,0.054000000000000006,0.005206833,0.054,0.05,0.01,0.05,678.085,33.11549911308288
twilight-wood-11,finished,-,submission_fpr,2024-01-23T18:33:40.000Z,295,,0.05,MEAN,3,trained_models/test_vae_model_32.h5,1000,decision,0.5,1234,32,1.2,FALSE,,,,,0,0,0,0,0,0.13735757359804623,1.2295959450650286e-223,0.8109999999999999,0.019347695814575263,0.811,0,0.042,0.006110101,0.042,0.058,0.006798693,0.058,334.617,9.901814621686936
winter-resonance-10,finished,-,submission_fpr,2024-01-23T18:30:39.000Z,168,,0.05,MEAN,3,trained_models/test_vae_model_16.h5,1000,decision,0.5,1234,16,1.2,FALSE,,,,,0,0,0,0,4.618826772265887e-99,0.3830244741573332,1.8024106050431383e-295,0.34,0.032727833889689535,0.34,0,0.040999999999999995,0.006046119,0.041,0.047,0.004229526,0.047,176.603,5.325949475049972
sunny-wind-9,finished,-,submission_fpr,2024-01-23T18:24:29.000Z,357,,0.05,MEAN,3,trained_models/test_vae_model_8.h5,1000,decision,0.5,1234,8,1.2,FALSE,,,,,0,0,0,0,3.891672500776725e-40,0.6193376731859668,7.91531232727385e-166,0.199,0.011685698761972068,0.199,0,0.047,0.008171767,0.047,0.051,0.008875685,0.051,50.64,2.197191125869751